[{"idGenerador":1,"modelo":"ave","costo":4.0,"consumoComustible":5.0,"energiaGenerada":6.0,"uso":"DOMESTICO"},{"idGenerador":2,"modelo":"ave2","costo":2.0,"consumoComustible":2.0,"energiaGenerada":2.0,"uso":"COMERCIAL"},{"idGenerador":3,"modelo":"ad12","costo":22.0,"consumoComustible":2.0,"energiaGenerada":2.0,"uso":"DOMESTICO"},{"idGenerador":4,"modelo":"Typo","costo":12.3,"consumoComustible":2.1,"energiaGenerada":21.0,"uso":"COMERCIAL"},{"idGenerador":5,"modelo":"Generador","costo":1500.5,"consumoComustible":3.5,"energiaGenerada":0.0,"uso":"DOMESTICO"},{"idGenerador":6,"modelo":"Generador","costo":1500.5,"consumoComustible":3.5,"energiaGenerada":0.0,"uso":"DOMESTICO"},{"idGenerador":7,"modelo":"Generador","costo":1500.5,"consumoComustible":3.5,"energiaGenerada":0.0,"uso":"DOMESTICO"},{"idGenerador":8,"modelo":"Generador","costo":1500.5,"consumoComustible":3.5,"energiaGenerada":0.0,"uso":"DOMESTICO"},{"idGenerador":8,"modelo":"Generador","costo":1500.5,"consumoComustible":3.5,"energiaGenerada":0.0,"uso":"DOMESTICO"},{"idGenerador":9,"modelo":"Generador","costo":1500.5,"consumoComustible":3.5,"energiaGenerada":0.0,"uso":"DOMESTICO"},{"idGenerador":10,"modelo":"Generador","costo":1500.5,"consumoComustible":3.5,"energiaGenerada":0.0,"uso":"DOMESTICO"},{"idGenerador":11,"modelo":"Generador","costo":1500.5,"consumoComustible":3.5,"energiaGenerada":0.0,"uso":"DOMESTICO"},{"idGenerador":12,"modelo":"Generador","costo":1500.5,"consumoComustible":3.5,"energiaGenerada":0.0,"uso":"DOMESTICO"},{"idGenerador":13,"modelo":"Generador","costo":1500.5,"consumoComustible":3.5,"energiaGenerada":0.0,"uso":"DOMESTICO"}]