[{"id":1,"tipoDeCrud":"READ","horaFecha":"2024-11-04 13:21:13","mensaje":"Generador leido:Generador{idGenerador\u003d1, modelo\u003dave, costo\u003d3.0, consumoComustible\u003d3.0, energiaGenerada\u003d3.0, uso\u003dDomestico}"},{"id":2,"tipoDeCrud":"READ","horaFecha":"2024-11-04 13:21:18","mensaje":"Generador leido:Generador{idGenerador\u003d1, modelo\u003dave, costo\u003d3.0, consumoComustible\u003d3.0, energiaGenerada\u003d3.0, uso\u003dDomestico}"},{"id":3,"tipoDeCrud":"UPDATE","horaFecha":"2024-11-04 13:21:18","mensaje":"Generador actualizado: Generador{idGenerador\u003d1, modelo\u003dave, costo\u003d3.0, consumoComustible\u003d3.0, energiaGenerada\u003d3.0, uso\u003dComercial}"},{"id":4,"tipoDeCrud":"READ","horaFecha":"2024-11-04 13:23:30","mensaje":"Generador leido:Generador{idGenerador\u003d1, modelo\u003dave, costo\u003d3.0, consumoComustible\u003d3.0, energiaGenerada\u003d3.0, uso\u003dComercial}"},{"id":5,"tipoDeCrud":"READ","horaFecha":"2024-11-04 13:23:38","mensaje":"Generador leido:Generador{idGenerador\u003d1, modelo\u003dave, costo\u003d3.0, consumoComustible\u003d3.0, energiaGenerada\u003d3.0, uso\u003dComercial}"},{"id":6,"tipoDeCrud":"UPDATE","horaFecha":"2024-11-04 13:23:38","mensaje":"Generador actualizado: Generador{idGenerador\u003d1, modelo\u003dave, costo\u003d4.0, consumoComustible\u003d5.0, energiaGenerada\u003d6.0, uso\u003dDomestico}"},{"id":7,"tipoDeCrud":"READ","horaFecha":"2024-11-04 14:45:08","mensaje":"Generador leido:Generador{idGenerador\u003d1, modelo\u003dave, costo\u003d4.0, consumoComustible\u003d5.0, energiaGenerada\u003d6.0, uso\u003dDomestico}"},{"id":8,"tipoDeCrud":"CREATE","horaFecha":"2024-11-04 14:59:40","mensaje":"Familia creadaFamilia{idFamilias\u003d5, nombreFamilia\u003d\u0027Pepito\u0027, nroIntegreantes\u003d12, generador\u003dnull}"},{"id":9,"tipoDeCrud":"CREATE","horaFecha":"2024-11-04 15:22:56","mensaje":"Familia creadaFamilia{idFamilias\u003d1, nombreFamilia\u003d\u0027Nose\u0027, nroIntegreantes\u003d123, generador\u003dnull}"},{"id":10,"tipoDeCrud":"READ","horaFecha":"2024-11-04 17:49:29","mensaje":"Generador leido:Generador{idGenerador\u003d2, modelo\u003dave2, costo\u003d2.0, consumoComustible\u003d2.0, energiaGenerada\u003d2.0, uso\u003dDomestico}"},{"id":11,"tipoDeCrud":"READ","horaFecha":"2024-11-04 17:49:33","mensaje":"Generador leido:Generador{idGenerador\u003d2, modelo\u003dave2, costo\u003d2.0, consumoComustible\u003d2.0, energiaGenerada\u003d2.0, uso\u003dDomestico}"},{"id":12,"tipoDeCrud":"UPDATE","horaFecha":"2024-11-04 17:49:33","mensaje":"Generador actualizado: Generador{idGenerador\u003d2, modelo\u003dave2, costo\u003d2.0, consumoComustible\u003d2.0, energiaGenerada\u003d2.0, uso\u003dComercial}"},{"id":13,"tipoDeCrud":"CREATE","horaFecha":"2024-11-04 17:52:05","mensaje":"Generador creado:Generador{idGenerador\u003d3, modelo\u003dasdk, costo\u003d12.0, consumoComustible\u003d21.0, energiaGenerada\u003d22.0, uso\u003dComercial}"},{"id":14,"tipoDeCrud":"CREATE","horaFecha":"2024-11-04 17:52:13","mensaje":"Generador creado:Generador{idGenerador\u003d4, modelo\u003dad12, costo\u003d22.0, consumoComustible\u003d2.0, energiaGenerada\u003d2.0, uso\u003dDomestico}"},{"id":15,"tipoDeCrud":"DELETE","horaFecha":"2024-11-04 17:52:26","mensaje":"Generador eliminado: 3"},{"id":16,"tipoDeCrud":"READ","horaFecha":"2024-11-04 17:55:23","mensaje":"Generador leido:Generador{idGenerador\u003d1, modelo\u003dave, costo\u003d4.0, consumoComustible\u003d5.0, energiaGenerada\u003d6.0, uso\u003dDomestico}"},{"id":17,"tipoDeCrud":"READ","horaFecha":"2024-11-04 18:34:07","mensaje":"Generador leido:Generador{idGenerador\u003d2, modelo\u003dave2, costo\u003d2.0, consumoComustible\u003d2.0, energiaGenerada\u003d2.0, uso\u003dComercial}"},{"id":18,"tipoDeCrud":"READ","horaFecha":"2024-11-04 18:35:40","mensaje":"Generador leido:Generador{idGenerador\u003d1, modelo\u003dave, costo\u003d4.0, consumoComustible\u003d5.0, energiaGenerada\u003d6.0, uso\u003dDomestico}"},{"id":19,"tipoDeCrud":"READ","horaFecha":"2024-11-04 18:40:25","mensaje":"Generador leido:Generador{idGenerador\u003d1, modelo\u003dave, costo\u003d4.0, consumoComustible\u003d5.0, energiaGenerada\u003d6.0, uso\u003dDomestico}"},{"id":20,"tipoDeCrud":"CREATE","horaFecha":"2024-11-04 19:45:28","mensaje":"Generador creado:Generador{idGenerador\u003d4, modelo\u003dTyp, costo\u003d123.4, consumoComustible\u003d2.4, energiaGenerada\u003d21.4, uso\u003dComercial}"},{"id":21,"tipoDeCrud":"CREATE","horaFecha":"2024-11-04 19:56:55","mensaje":"Generador creado:Generador{idGenerador\u003d5, modelo\u003dTypo, costo\u003d12.3, consumoComustible\u003d2.1, energiaGenerada\u003d21.0, uso\u003dComercial}"},{"id":22,"tipoDeCrud":"DELETE","horaFecha":"2024-11-04 19:57:02","mensaje":"Generador eliminado: 4"},{"id":23,"tipoDeCrud":"CREATE","horaFecha":"2024-11-04 20:09:18","mensaje":"Generador creado:Generador{idGenerador\u003d5, modelo\u003dGenerador, costo\u003d1500.5, consumoComustible\u003d3.5, energiaGenerada\u003d0.0, uso\u003dDomestico}"},{"id":24,"tipoDeCrud":"CREATE","horaFecha":"2024-11-04 20:09:18","mensaje":"Generador creado:Generador{idGenerador\u003d6, modelo\u003dGenerador, costo\u003d1500.5, consumoComustible\u003d3.5, energiaGenerada\u003d0.0, uso\u003dDomestico}"},{"id":24,"tipoDeCrud":"CREATE","horaFecha":"2024-11-04 20:09:18","mensaje":"Generador creado:Generador{idGenerador\u003d6, modelo\u003dGenerador, costo\u003d1500.5, consumoComustible\u003d3.5, energiaGenerada\u003d0.0, uso\u003dDomestico}"},{"id":25,"tipoDeCrud":"CREATE","horaFecha":"2024-11-04 20:09:18","mensaje":"Generador creado:Generador{idGenerador\u003d8, modelo\u003dGenerador, costo\u003d1500.5, consumoComustible\u003d3.5, energiaGenerada\u003d0.0, uso\u003dDomestico}"},{"id":26,"tipoDeCrud":"CREATE","horaFecha":"2024-11-04 20:09:18","mensaje":"Generador creado:Generador{idGenerador\u003d8, modelo\u003dGenerador, costo\u003d1500.5, consumoComustible\u003d3.5, energiaGenerada\u003d0.0, uso\u003dDomestico}"},{"id":28,"tipoDeCrud":"CREATE","horaFecha":"2024-11-04 20:09:18","mensaje":"Generador creado:Generador{idGenerador\u003d10, modelo\u003dGenerador, costo\u003d1500.5, consumoComustible\u003d3.5, energiaGenerada\u003d0.0, uso\u003dDomestico}"},{"id":29,"tipoDeCrud":"CREATE","horaFecha":"2024-11-04 20:09:18","mensaje":"Generador creado:Generador{idGenerador\u003d11, modelo\u003dGenerador, costo\u003d1500.5, consumoComustible\u003d3.5, energiaGenerada\u003d0.0, uso\u003dDomestico}"},{"id":30,"tipoDeCrud":"CREATE","horaFecha":"2024-11-04 20:09:19","mensaje":"Generador creado:Generador{idGenerador\u003d12, modelo\u003dGenerador, costo\u003d1500.5, consumoComustible\u003d3.5, energiaGenerada\u003d0.0, uso\u003dDomestico}"},{"id":30,"tipoDeCrud":"CREATE","horaFecha":"2024-11-04 20:09:19","mensaje":"Generador creado:Generador{idGenerador\u003d13, modelo\u003dGenerador, costo\u003d1500.5, consumoComustible\u003d3.5, energiaGenerada\u003d0.0, uso\u003dDomestico}"}]