[{"idFamilias":1,"nroIntegrantes":5,"nombreFamilia":"Lopez","generador":{"idGenerador":6,"costo":0.0,"consumoComustible":0.0,"enegeriaGenerada":0.0}},{"idFamilias":2,"nroIntegrantes":2,"nombreFamilia":"funcaa","generador":{"idGenerador":3,"costo":0.0,"consumoComustible":0.0,"enegeriaGenerada":0.0}},{"idFamilias":3,"nroIntegrantes":12,"nombreFamilia":"e","generador":{"idGenerador":7,"costo":0.0,"consumoComustible":0.0,"enegeriaGenerada":0.0}},{"idFamilias":4,"nroIntegrantes":12,"nombreFamilia":"familiaModificada","generador":{"idGenerador":4,"costo":0.0,"consumoComustible":0.0,"enegeriaGenerada":0.0}}]