[{"idGenerador":1,"modelo":"siuuu","costo":29.3,"consumoComustible":31.1,"enegeriaGenerada":34.1,"uso":"COMERCIAL"},{"idGenerador":2,"modelo":"dawdadsa","costo":22.0,"consumoComustible":33.0,"enegeriaGenerada":1.0,"uso":"COMERCIAL"},{"idGenerador":3,"modelo":"asd","costo":2.0,"consumoComustible":2.0,"enegeriaGenerada":2.0,"uso":"DOMESTICO"},{"idGenerador":4,"modelo":"aaa","costo":231.0,"consumoComustible":21.0,"enegeriaGenerada":12.0,"uso":"COMERCIAL"},{"idGenerador":5,"modelo":"vivalavida","costo":231.34,"consumoComustible":21.0,"enegeriaGenerada":12.0,"uso":"DOMESTICO"},{"idGenerador":6,"modelo":"recienCreado","costo":1250.2,"consumoComustible":21.3,"enegeriaGenerada":21.0,"uso":"COMERCIAL"}]