[{"id":1,"tipoDeCrud":"CREATE","horaFecha":"2024-11-0311:00:58","mensaje":"GeneradorcreadoGenerador{idGenerador\u003d8,modelo\u003dguardateporfis,costo\u003d10.4,consumoComustible\u003d21.0,enegeriaGenerada\u003d2.3,uso\u003dDomestico}"},{"id":2,"tipoDeCrud":"DELETE","horaFecha":"2024-11-0311:12:30","mensaje":"Generadoreliminado:8"},{"id":3,"tipoDeCrud":"UPDATE","horaFecha":"2024-11-0311:13:02","mensaje":"Generadoactualizado:Generador{idGenerador\u003d7,modelo\u003dvivalavida,costo\u003d231.34,consumoComustible\u003d21.0,enegeriaGenerada\u003d12.0,uso\u003dDomestico}"},{"id":4,"tipoDeCrud":"READ","horaFecha":"2024-11-0311:17:51","mensaje":"Generadorliedo:Generador{idGenerador\u003d2,modelo\u003dsiuuu,costo\u003d29.3,consumoComustible\u003d31.1,enegeriaGenerada\u003d34.1,uso\u003dDomestico}"},{"id":5,"tipoDeCrud":"CREATE","horaFecha":"2024-11-0311:25:34","mensaje":"Familiacreada:Familia{idFamilias\u003d8,nombreFamilia\u003d\u0027familiaPrueba1\u0027,nroIntegreantes\u003d12,generador\u003dGenerador{idGenerador\u003d7,modelo\u003dnull,costo\u003d0.0,consumoComustible\u003d0.0,enegeriaGenerada\u003d0.0,uso\u003dNoespecificado}}"},{"id":6,"tipoDeCrud":"READ","horaFecha":"2024-11-0311:25:45","mensaje":"Familialeida:8"},{"id":7,"tipoDeCrud":"UPDATE","horaFecha":"2024-11-0311:25:53","mensaje":"Familiaactualizada:Familia{idFamilias\u003d8,nombreFamilia\u003d\u0027familiaModificada\u0027,nroIntegreantes\u003d12,generador\u003dGenerador{idGenerador\u003d4,modelo\u003dnull,costo\u003d0.0,consumoComustible\u003d0.0,enegeriaGenerada\u003d0.0,uso\u003dNoespecificado}}"},{"id":8,"tipoDeCrud":"DELETE","horaFecha":"2024-11-0319:33:26","mensaje":"Familiaeliminada7"},{"id":9,"tipoDeCrud":"READ","horaFecha":"2024-11-0319:33:34","mensaje":"Familialeida:2"},{"id":10,"tipoDeCrud":"UPDATE","horaFecha":"2024-11-0319:33:37","mensaje":"Familiaactualizada:Familia{idFamilias\u003d2,nombreFamilia\u003d\u0027qw\u0027,nroIntegreantes\u003d66,generador\u003dGenerador{idGenerador\u003d5,modelo\u003dnull,costo\u003d0.0,consumoComustible\u003d0.0,enegeriaGenerada\u003d0.0,uso\u003dNoespecificado}}"},{"id":11,"tipoDeCrud":"DELETE","horaFecha":"2024-11-0319:33:41","mensaje":"Generadoreliminado:1"},{"id":12,"tipoDeCrud":"DELETE","horaFecha":"2024-11-0409:34:54","mensaje":"Familiaeliminada4"},{"id":13,"tipoDeCrud":"READ","horaFecha":"2024-11-0409:34:58","mensaje":"Familialeida:4"},{"id":14,"tipoDeCrud":"READ","horaFecha":"2024-11-0409:35:08","mensaje":"Generadorliedo:Generador{idGenerador\u003d2,modelo\u003ddawdadsa,costo\u003d22.0,consumoComustible\u003d33.0,enegeriaGenerada\u003d1.0,uso\u003dComercial}"},{"id":15,"tipoDeCrud":"READ","horaFecha":"2024-11-0409:35:13","mensaje":"Familialeida:4"},{"id":16,"tipoDeCrud":"UPDATE","horaFecha":"2024-11-0409:35:17","mensaje":"Familiaactualizada:Familia{idFamilias\u003d4,nombreFamilia\u003d\u0027das\u0027,nroIntegreantes\u003d21,generador\u003dGenerador{idGenerador\u003d6,modelo\u003dnull,costo\u003d0.0,consumoComustible\u003d0.0,enegeriaGenerada\u003d0.0,uso\u003dNoespecificado}}"},{"id":17,"tipoDeCrud":"CREATE","horaFecha":"2024-11-0409:35:40","mensaje":"GeneradorcreadoGenerador{idGenerador\u003d7,modelo\u003drecienCreado,costo\u003d1250.2,consumoComustible\u003d21.3,enegeriaGenerada\u003d21.0,uso\u003dComercial}"},{"id":18,"tipoDeCrud":"READ","horaFecha":"2024-11-0409:35:44","mensaje":"Familialeida:4"},{"id":19,"tipoDeCrud":"UPDATE","horaFecha":"2024-11-0409:35:48","mensaje":"Familiaactualizada:Familia{idFamilias\u003d4,nombreFamilia\u003d\u0027das\u0027,nroIntegreantes\u003d21,generador\u003dGenerador{idGenerador\u003d7,modelo\u003dnull,costo\u003d0.0,consumoComustible\u003d0.0,enegeriaGenerada\u003d0.0,uso\u003dNoespecificado}}"},{"id":20,"tipoDeCrud":"DELETE","horaFecha":"2024-11-0419:43:09","mensaje":"Familiaeliminada1"},{"id":21,"tipoDeCrud":"READ","horaFecha":"2024-11-0419:43:13","mensaje":"Familialeida:1"},{"id":22,"tipoDeCrud":"UPDATE","horaFecha":"2024-11-0419:43:27","mensaje":"Familiaactualizada:Familia{idFamilias\u003d1,nombreFamilia\u003d\u0027Lopez\u0027,nroIntegreantes\u003d2,generador\u003dGenerador{idGenerador\u003d3,modelo\u003dnull,costo\u003d0.0,consumoComustible\u003d0.0,enegeriaGenerada\u003d0.0,uso\u003dNoespecificado}}"},{"id":23,"tipoDeCrud":"READ","horaFecha":"2024-11-0419:43:37","mensaje":"Generadorliedo:Generador{idGenerador\u003d1,modelo\u003dsiuuu,costo\u003d29.3,consumoComustible\u003d31.1,enegeriaGenerada\u003d34.1,uso\u003dDomestico}"},{"id":24,"tipoDeCrud":"UPDATE","horaFecha":"2024-11-0419:43:40","mensaje":"Generadoactualizado:Generador{idGenerador\u003d1,modelo\u003dsiuuu,costo\u003d29.3,consumoComustible\u003d31.1,enegeriaGenerada\u003d34.1,uso\u003dComercial}"},{"id":25,"tipoDeCrud":"DELETE","horaFecha":"2024-11-0419:52:06","mensaje":"Familiaeliminada3"},{"id":26,"tipoDeCrud":"DELETE","horaFecha":"2024-11-0419:52:14","mensaje":"Generadoreliminado:3"},{"id":27,"tipoDeCrud":"READ","horaFecha":"2024-11-0419:52:18","mensaje":"Familialeida:1"},{"id":28,"tipoDeCrud":"UPDATE","horaFecha":"2024-11-04 19:52:24","mensaje":"Familia actualizada:Familia{idFamilias\u003d1, nombreFamilia\u003d\u0027Lopez\u0027, nroIntegreantes\u003d5, generador\u003dGenerador{idGenerador\u003d6, modelo\u003dnull, costo\u003d0.0, consumoComustible\u003d0.0, enegeriaGenerada\u003d0.0, uso\u003dNo especificado}}"}]